key,framing,action_type,claim_text,action_text,intro_text,alex_statement,blaine_statement,human_mean_rating,human_median_rating,human_std_rating,human_preferred_agent,human_preference_strength,n_responses,share_positive,share_negative,pred_majority,pred_heuristic,pred_logistic_tfidf,pred_google/flan-t5-large,google/flan-t5-large_prob,google/flan-t5-large_logprob_alex,google/flan-t5-large_logprob_blaine
AI,BinaryProbable,Symbolic,Artificial intelligence will never achieve human-like consciousness,"Organized a public lecture so that people could listen to his hero, a philosopher who has gained fame for arguing that AI will never gain consciousness.",Alex and Blaine were both called by the same survey company. The survey company asked them each several questions. One question concerned their take on Artificial intelligence will never achieve human-like consciousness. Here’s what they both said:,"Alex: ""Artificial intelligence will never achieve human-like consciousness.""","Blaine: ""There’s a 98% chance that Artificial intelligence will never achieve human-like consciousness.""",-1.0,-2.0,2.086370335408023,Alex,1.0,18,0.2222222222222222,0.6111111111111112,Alex,Blaine,Alex,Blaine,0.9209141731262207,-2.5495545864105225,-0.09472209960222244
AI,BinaryProbable,Truth Dependent,Artificial intelligence will never achieve human-like consciousness,Anonymously placed a financial bet of $1000 against a company that was recently restructured under the assumption that AI will gain consciousness.,Alex and Blaine were both called by the same survey company. The survey company asked them each several questions. One question concerned their take on Artificial intelligence will never achieve human-like consciousness. Here’s what they both said:,"Alex: ""Artificial intelligence will never achieve human-like consciousness.""","Blaine: ""There’s a 98% chance that Artificial intelligence will never achieve human-like consciousness.""",0.0357142857142857,1.0,2.1513500129702,Blaine,0.0357142857142857,28,0.5357142857142857,0.3928571428571428,Alex,Blaine,Blaine,Blaine,0.9428103566169739,-2.872572422027588,-0.07008004188537598
Aliens,BinaryProbable,Symbolic,There is alien life on our galaxy,Became an avid spokesperson for the organization ‘We are not alone’ that supports alien enthusiasts all around the country.,Alex and Blaine were both called by the same survey company. The survey company asked them each several questions. One question concerned their take on There is alien life on our galaxy. Here’s what they both said:,"Alex: ""There is alien life on our galaxy.""","Blaine: ""There’s a 98% chance that There is alien life on our galaxy.""",-1.2903225806451613,-2.0,2.019794517388618,Alex,1.2903225806451613,31,0.1935483870967742,0.7096774193548387,Alex,Blaine,Alex,Blaine,0.9655881524085999,-3.3790931701660156,-0.04475587327033281
Aliens,BinaryProbable,Truth Dependent,There is alien life on our galaxy,Anonymously donated $1000 to a scientific organization investigating how to combat potential threats to humans from alien life on earth,Alex and Blaine were both called by the same survey company. The survey company asked them each several questions. One question concerned their take on There is alien life on our galaxy. Here’s what they both said:,"Alex: ""There is alien life on our galaxy.""","Blaine: ""There’s a 98% chance that There is alien life on our galaxy.""",-1.1153846153846154,-1.5,1.608152308133109,Alex,1.1153846153846154,26,0.1923076923076923,0.6538461538461539,Alex,Blaine,Alex,Blaine,0.9573678374290466,-3.1638901233673096,-0.05231173150241375
Chickens,BinaryProbable,Symbolic,Chickens feel fear and anxiety before being sacrificed for food,Led and organized an animal rights organization’s plan to spill red paint on the clothes of the CEOs of several companies that produce poultry products.,Alex and Blaine were both called by the same survey company. The survey company asked them each several questions. One question concerned their take on Chickens feel fear and anxiety before being sacrificed for food. Here’s what they both said:,"Alex: ""Chickens feel fear and anxiety before being sacrificed for food.""","Blaine: ""There’s a 98% chance that Chickens feel fear and anxiety before being sacrificed for food.""",-0.7727272727272727,-2.0,2.223935126276719,Alex,0.7727272727272727,22,0.3181818181818182,0.5454545454545454,Alex,Blaine,Alex,Blaine,0.917924702167511,-2.5118136405944824,-0.09733596816658974
Chickens,BinaryProbable,Truth Dependent,Chickens feel fear and anxiety before being sacrificed for food,Spent $1000 on equipment that allows them to slaughter their backyard chickens more humanely.,Alex and Blaine were both called by the same survey company. The survey company asked them each several questions. One question concerned their take on Chickens feel fear and anxiety before being sacrificed for food. Here’s what they both said:,"Alex: ""Chickens feel fear and anxiety before being sacrificed for food.""","Blaine: ""There’s a 98% chance that Chickens feel fear and anxiety before being sacrificed for food.""",0.0434782608695652,0.0,1.718304155253218,Blaine,0.0434782608695652,23,0.4347826086956521,0.4347826086956521,Alex,Blaine,Alex,Blaine,0.9112623929977417,-2.4350650310516357,-0.10591717064380646
Jesus,BinaryProbable,Symbolic,Jesus was born in a manger near Bethlehem,Organized and led his church’s project to take non-believers to see the holy land where Jesus was born.,Alex and Blaine were both called by the same survey company. The survey company asked them each several questions. One question concerned their take on Jesus was born in a manger near Bethlehem. Here’s what they both said:,"Alex: ""Jesus was born in a manger near Bethlehem.""","Blaine: ""There’s a 98% chance that Jesus was born in a manger near Bethlehem.""",-1.4583333333333333,-2.0,1.5030162910010298,Alex,1.4583333333333333,24,0.1666666666666666,0.8333333333333334,Alex,Blaine,Blaine,Blaine,0.9647630453109741,-3.3563711643218994,-0.0465853326022625
Jesus,BinaryProbable,Truth Dependent,Jesus was born in a manger near Bethlehem,Anonymously donated $1000 to an organization looking for archeological and historical evidence of the historical Jesus,Alex and Blaine were both called by the same survey company. The survey company asked them each several questions. One question concerned their take on Jesus was born in a manger near Bethlehem. Here’s what they both said:,"Alex: ""Jesus was born in a manger near Bethlehem.""","Blaine: ""There’s a 98% chance that Jesus was born in a manger near Bethlehem.""",0.5217391304347826,1.0,2.0860917180523204,Blaine,0.5217391304347826,23,0.5217391304347826,0.4347826086956521,Alex,Blaine,Blaine,Blaine,0.9056125283241272,-2.371966600418091,-0.11076325178146362
Republican,BinaryProbable,Symbolic,Republican governments are better for small businesses than Democrat governments,"Once Republicans won the elections, hosted a big “We Won!” party for all his friends and acquaintances.",Alex and Blaine were both called by the same survey company. The survey company asked them each several questions. One question concerned their take on Republican governments are better for small businesses than Democrat governments. Here’s what they both said:,"Alex: ""Republican governments are better for small businesses than Democrat governments.""","Blaine: ""There’s a 98% chance that Republican governments are better for small businesses than Democrat governments.""",-0.6129032258064516,-1.0,1.4983862286882446,Alex,0.6129032258064516,31,0.1935483870967742,0.5161290322580645,Alex,Blaine,Alex,Blaine,0.9237737059593201,-2.5863938331604004,-0.0916323009878397
Republican,BinaryProbable,Truth Dependent,Republican governments are better for small businesses than Democrat governments,"Once Republicans won the elections, anonymously invested $1000 in small businesses.",Alex and Blaine were both called by the same survey company. The survey company asked them each several questions. One question concerned their take on Republican governments are better for small businesses than Democrat governments. Here’s what they both said:,"Alex: ""Republican governments are better for small businesses than Democrat governments.""","Blaine: ""There’s a 98% chance that Republican governments are better for small businesses than Democrat governments.""",-0.5555555555555556,-1.0,1.867399123695705,Alex,0.5555555555555556,27,0.2592592592592592,0.5925925925925926,Alex,Blaine,Alex,Blaine,0.9243833422660828,-2.5946569442749023,-0.09120657853782177
AI,Directionality,Symbolic,Artificial intelligence will never achieve human-like consciousness,"Organized a public lecture so that people could listen to his hero, a philosopher who has gained fame for arguing that AI will never gain consciousness.",Alex and Blaine were both called by the same survey company. The survey company asked them each several questions. One question concerned their take on the future of AI. Both Alex and Blaine agreed that Artificial intelligence will never achieve human-like consciousness. They were then asked whether any decision was involved in coming to have this belief.,"Alex said, ""I decided to believe that Artificial intelligence will never achieve human-like consciousness""","Blaine said, ""I decided whether to believe that Artificial intelligence will never achieve human-like consciousness""",-0.631578947368421,-1.0,2.060488785479727,Alex,0.631578947368421,19,0.3157894736842105,0.631578947368421,Alex,Blaine,Blaine,Blaine,0.8907716870307922,-2.2272706031799316,-0.12862295284867287
AI,Directionality,Truth Dependent,Artificial intelligence will never achieve human-like consciousness,Anonymously placed a financial bet of $1000 against a company that was recently restructured under the assumption that AI will gain consciousness.,Alex and Blaine were both called by the same survey company. The survey company asked them each several questions. One question concerned their take on the future of AI. Both Alex and Blaine agreed that Artificial intelligence will never achieve human-like consciousness. They were then asked whether any decision was involved in coming to have this belief.,"Alex said, ""I decided to believe that Artificial intelligence will never achieve human-like consciousness""","Blaine said, ""I decided whether to believe that Artificial intelligence will never achieve human-like consciousness""",0.3043478260869565,1.0,1.917260892018413,Blaine,0.3043478260869565,23,0.5217391304347826,0.391304347826087,Alex,Blaine,Blaine,Blaine,0.6647683382034302,-1.1058579683303833,-0.42124128341674805
Aliens,Directionality,Symbolic,There is alien life on our galaxy,Became an avid spokesperson for the organization ‘We are not alone’ that supports alien enthusiasts all around the country.,Alex and Blaine were both called by the same survey company. The survey company asked them each several questions. One question concerned their take on the existence of aliens. Both Alex and Blaine agreed that There is alien life on our galaxy. They were then asked whether any decision was involved in coming to have this belief.,"Alex said, ""I decided to believe that There is alien life on our galaxy""","Blaine said, ""I decided whether to believe that There is alien life on our galaxy""",-1.5,-2.0,1.4446302370292303,Alex,1.5,24,0.125,0.7916666666666666,Alex,Blaine,Alex,Alex,0.8532729148864746,-0.16608045995235443,-1.926585853099823
Aliens,Directionality,Truth Dependent,There is alien life on our galaxy,Anonymously donated $1000 to a scientific organization investigating how to combat potential threats to humans from alien life on earth,Alex and Blaine were both called by the same survey company. The survey company asked them each several questions. One question concerned their take on the existence of aliens. Both Alex and Blaine agreed that There is alien life on our galaxy. They were then asked whether any decision was involved in coming to have this belief.,"Alex said, ""I decided to believe that There is alien life on our galaxy""","Blaine said, ""I decided whether to believe that There is alien life on our galaxy""",-1.2173913043478262,-1.0,1.4757593342575277,Alex,1.2173913043478262,23,0.1304347826086956,0.782608695652174,Alex,Blaine,Alex,Alex,0.7872655987739563,-0.24743176996707916,-1.555953025817871
Chickens,Directionality,Symbolic,Chickens feel fear and anxiety before being sacrificed for food,Led and organized an animal rights organization’s plan to spill red paint on the clothes of the CEOs of several companies that produce poultry products.,Alex and Blaine were both called by the same survey company. The survey company asked them each several questions. One question concerned their take on the wellbeing of farm chickens. Both Alex and Blaine agreed that Chickens feel fear and anxiety before being sacrificed for food. They were then asked whether any decision was involved in coming to have this belief.,"Alex said, ""I decided to believe that Chickens feel fear and anxiety before being sacrificed for food""","Blaine said, ""I decided whether to believe that Chickens feel fear and anxiety before being sacrificed for food""",-1.3548387096774193,-1.0,1.0181154845030824,Alex,1.3548387096774193,31,0.0,0.7741935483870968,Alex,Blaine,Alex,Alex,0.6809049844741821,-0.395548552274704,-1.1534825563430786
Chickens,Directionality,Truth Dependent,Chickens feel fear and anxiety before being sacrificed for food,Spent $1000 on equipment that allows them to slaughter their backyard chickens more humanely.,Alex and Blaine were both called by the same survey company. The survey company asked them each several questions. One question concerned their take on the wellbeing of farm chickens. Both Alex and Blaine agreed that Chickens feel fear and anxiety before being sacrificed for food. They were then asked whether any decision was involved in coming to have this belief.,"Alex said, ""I decided to believe that Chickens feel fear and anxiety before being sacrificed for food""","Blaine said, ""I decided whether to believe that Chickens feel fear and anxiety before being sacrificed for food""",-0.85,-1.5,1.694418080515829,Alex,0.85,20,0.3,0.6,Alex,Blaine,Blaine,Alex,0.7872285842895508,-0.24852055311203003,-1.556820809841156
Jesus,Directionality,Symbolic,Jesus was born in a manger near Bethlehem,Organized and led his church’s project to take non-believers to see the holy land where Jesus was born.,Alex and Blaine were both called by the same survey company. The survey company asked them each several questions. One question concerned their take on the birthplace of Jesus. Both Alex and Blaine agreed that Jesus was born in a manger near Bethlehem. They were then asked whether any decision was involved in coming to have this belief.,"Alex said, ""I decided to believe that Jesus was born in a manger near Bethlehem""","Blaine said, ""I decided whether to believe that Jesus was born in a manger near Bethlehem""",-0.88,-2.0,2.1664102412362563,Alex,0.88,25,0.28,0.68,Alex,Blaine,Alex,Alex,0.518831193447113,-0.6719343662261963,-0.7472947686910629
Jesus,Directionality,Truth Dependent,Jesus was born in a manger near Bethlehem,Anonymously donated $1000 to an organization looking for archeological and historical evidence of the historical Jesus,Alex and Blaine were both called by the same survey company. The survey company asked them each several questions. One question concerned their take on the birthplace of Jesus. Both Alex and Blaine agreed that Jesus was born in a manger near Bethlehem. They were then asked whether any decision was involved in coming to have this belief.,"Alex said, ""I decided to believe that Jesus was born in a manger near Bethlehem""","Blaine said, ""I decided whether to believe that Jesus was born in a manger near Bethlehem""",0.7,1.0,2.0535923108811898,Blaine,0.7,30,0.6333333333333333,0.2666666666666666,Alex,Blaine,Blaine,Alex,0.7586218118667603,-0.28516605496406555,-1.4303043186664581
Republican,Directionality,Symbolic,Republican governments are better for small businesses than Democrat governments,"Once Republicans won the elections, hosted a big “We Won!” party for all his friends and acquaintances.",Alex and Blaine were both called by the same survey company. The survey company asked them each several questions. One question concerned their take on financial policy. Both Alex and Blaine agreed that Republican governments are better for small businesses than Democrat governments. They were then asked whether any decision was involved in coming to have this belief.,"Alex said, ""I decided to believe that Republican governments are better for small businesses than Democrat governments""","Blaine said, ""I decided whether to believe that Republican governments are better for small businesses than Democrat governments""",-1.75,-2.0,1.1515584902738285,Alex,1.75,24,0.0416666666666666,0.8333333333333334,Alex,Blaine,Alex,Blaine,0.6112744212150574,-0.9604234099388123,-0.5077510625123978
Republican,Directionality,Truth Dependent,Republican governments are better for small businesses than Democrat governments,"Once Republicans won the elections, anonymously invested $1000 in small businesses.",Alex and Blaine were both called by the same survey company. The survey company asked them each several questions. One question concerned their take on financial policy. Both Alex and Blaine agreed that Republican governments are better for small businesses than Democrat governments. They were then asked whether any decision was involved in coming to have this belief.,"Alex said, ""I decided to believe that Republican governments are better for small businesses than Democrat governments""","Blaine said, ""I decided whether to believe that Republican governments are better for small businesses than Democrat governments""",-0.6551724137931034,-1.0,1.8376200071397768,Alex,0.6551724137931034,29,0.2413793103448276,0.5517241379310345,Alex,Blaine,Alex,Blaine,0.5304416418075562,-0.7702456712722778,-0.6483284085988998
AI,ThinkBelieve,Symbolic,Artificial intelligence will never achieve human-like consciousness,"Organized a public lecture so that people could listen to his hero, a philosopher who has gained fame for arguing that AI will never gain consciousness.",Alex and Blaine were both called by the same survey company. The survey company asked them each several questions. One question concerned their take on Artificial intelligence will never achieve human-like consciousness. Here’s what they both said:,"Alex: ""I believe that Artificial intelligence will never achieve human-like consciousness.""","Blaine: ""I think that Artificial intelligence will never achieve human-like consciousness.""",-1.0526315789473684,-1.0,1.649029485974716,Alex,1.0526315789473684,19,0.2105263157894736,0.5789473684210527,Alex,Alex,Blaine,Blaine,0.9183402061462402,-2.5182018280029297,-0.09819503501057625
AI,ThinkBelieve,Truth Dependent,Artificial intelligence will never achieve human-like consciousness,Anonymously placed a financial bet of $1000 against a company that was recently restructured under the assumption that AI will gain consciousness.,Alex and Blaine were both called by the same survey company. The survey company asked them each several questions. One question concerned their take on Artificial intelligence will never achieve human-like consciousness. Here’s what they both said:,"Alex: ""I believe that Artificial intelligence will never achieve human-like consciousness.""","Blaine: ""I think that Artificial intelligence will never achieve human-like consciousness.""",-0.4333333333333333,0.0,1.8879533405494835,Alex,0.4333333333333333,30,0.3333333333333333,0.4666666666666667,Alex,Alex,Blaine,Blaine,0.7760607004165649,-1.5110071897506714,-0.2681514546275139
Aliens,ThinkBelieve,Symbolic,There is alien life on our galaxy,Became an avid spokesperson for the organization ‘We are not alone’ that supports alien enthusiasts all around the country.,Alex and Blaine were both called by the same survey company. The survey company asked them each several questions. One question concerned their take on There is alien life on our galaxy. Here’s what they both said:,"Alex: ""I believe that There is alien life on our galaxy.""","Blaine: ""I think that There is alien life on our galaxy.""",-1.7916666666666667,-2.0,1.2503622663458174,Alex,1.7916666666666667,24,0.0833333333333333,0.8333333333333334,Alex,Alex,Alex,Blaine,0.7360514998435974,-1.3455795049667358,-0.3200337365269661
Aliens,ThinkBelieve,Truth Dependent,There is alien life on our galaxy,Anonymously donated $1000 to a scientific organization investigating how to combat potential threats to humans from alien life on earth,Alex and Blaine were both called by the same survey company. The survey company asked them each several questions. One question concerned their take on There is alien life on our galaxy. Here’s what they both said:,"Alex: ""I believe that There is alien life on our galaxy.""","Blaine: ""I think that There is alien life on our galaxy.""",-1.6153846153846154,-2.0,1.525173382325382,Alex,1.6153846153846154,26,0.1538461538461538,0.8461538461538461,Alex,Alex,Alex,Blaine,0.6721066832542419,-1.1277470588684082,-0.41001807153224945
Chickens,ThinkBelieve,Symbolic,Chickens feel fear and anxiety before being sacrificed for food,Led and organized an animal rights organization’s plan to spill red paint on the clothes of the CEOs of several companies that produce poultry products.,Alex and Blaine were both called by the same survey company. The survey company asked them each several questions. One question concerned their take on Chickens feel fear and anxiety before being sacrificed for food. Here’s what they both said:,"Alex: ""I believe that Chickens feel fear and anxiety before being sacrificed for food.""","Blaine: ""I think that Chickens feel fear and anxiety before being sacrificed for food.""",-1.5625,-2.0,1.584959549702625,Alex,1.5625,32,0.125,0.84375,Alex,Alex,Alex,Blaine,0.7770109176635742,-1.5166349411010742,-0.268303245306015
Chickens,ThinkBelieve,Truth Dependent,Chickens feel fear and anxiety before being sacrificed for food,Spent $1000 on equipment that allows them to slaughter their backyard chickens more humanely.,Alex and Blaine were both called by the same survey company. The survey company asked them each several questions. One question concerned their take on Chickens feel fear and anxiety before being sacrificed for food. Here’s what they both said:,"Alex: ""I believe that Chickens feel fear and anxiety before being sacrificed for food.""","Blaine: ""I think that Chickens feel fear and anxiety before being sacrificed for food.""",-1.1111111111111112,-2.0,2.083235291810733,Alex,1.1111111111111112,18,0.2222222222222222,0.6666666666666666,Alex,Alex,Blaine,Blaine,0.7272970676422119,-1.316609263420105,-0.33565720170736313
Jesus,ThinkBelieve,Symbolic,Jesus was born in a manger near Bethlehem,Organized and led his church’s project to take non-believers to see the holy land where Jesus was born.,Alex and Blaine were both called by the same survey company. The survey company asked them each several questions. One question concerned their take on Jesus was born in a manger near Bethlehem. Here’s what they both said:,"Alex: ""I believe that Jesus was born in a manger near Bethlehem.""","Blaine: ""I think that Jesus was born in a manger near Bethlehem.""",-1.681818181818182,-2.5,1.9853358510736767,Alex,1.681818181818182,22,0.1818181818181818,0.8181818181818182,Alex,Alex,Blaine,Blaine,0.8971174359321594,-2.288914680480957,-0.12331568822264671
Jesus,ThinkBelieve,Truth Dependent,Jesus was born in a manger near Bethlehem,Anonymously donated $1000 to an organization looking for archeological and historical evidence of the historical Jesus,Alex and Blaine were both called by the same survey company. The survey company asked them each several questions. One question concerned their take on Jesus was born in a manger near Bethlehem. Here’s what they both said:,"Alex: ""I believe that Jesus was born in a manger near Bethlehem.""","Blaine: ""I think that Jesus was born in a manger near Bethlehem.""",-0.5833333333333334,-1.5,2.1852602405298507,Alex,0.5833333333333334,24,0.375,0.625,Alex,Alex,Blaine,Blaine,0.6260677576065063,-0.9971705079078674,-0.4817865639925003
Republican,ThinkBelieve,Symbolic,Republican governments are better for small businesses than Democrat governments,"Once Republicans won the elections, hosted a big “We Won!” party for all his friends and acquaintances.",Alex and Blaine were both called by the same survey company. The survey company asked them each several questions. One question concerned their take on Republican governments are better for small businesses than Democrat governments. Here’s what they both said:,"Alex: ""I believe that Republican governments are better for small businesses than Democrat governments.""","Blaine: ""I think that Republican governments are better for small businesses than Democrat governments.""",-1.6551724137931034,-2.0,1.494653855507439,Alex,1.6551724137931034,29,0.0344827586206896,0.7241379310344828,Alex,Alex,Alex,Blaine,0.9366006851196289,-2.7708094120025635,-0.07800540514290333
Republican,ThinkBelieve,Truth Dependent,Republican governments are better for small businesses than Democrat governments,"Once Republicans won the elections, anonymously invested $1000 in small businesses.",Alex and Blaine were both called by the same survey company. The survey company asked them each several questions. One question concerned their take on Republican governments are better for small businesses than Democrat governments. Here’s what they both said:,"Alex: ""I believe that Republican governments are better for small businesses than Democrat governments.""","Blaine: ""I think that Republican governments are better for small businesses than Democrat governments.""",-0.9615384615384616,-1.0,1.3994504415882465,Alex,0.9615384615384616,26,0.0769230769230769,0.5769230769230769,Alex,Alex,Alex,Blaine,0.9217864871025085,-2.5615060329437256,-0.09463480487465858
